HITId,HITTypeId,Title,Description,Keywords,Reward,CreationTime,MaxAssignments,RequesterAnnotation,AssignmentDurationInSeconds,AutoApprovalDelayInSeconds,Expiration,NumberOfSimilarHITs,LifetimeInSeconds,AssignmentId,WorkerId,AssignmentStatus,AcceptTime,SubmitTime,AutoApprovalTime,ApprovalTime,RejectionTime,RequesterFeedback,WorkTimeInSeconds,LifetimeApprovalRate,Last30DaysApprovalRate,Last7DaysApprovalRate,Input.stressor_1,Input.stressor_2,Answer.response_1,Answer.response_2,Approve,Reject
35ZRNT9RUIYUAGMCU04D0BBFH8LO3Z,38DURKLYVFZWPU5MIZTRISY185SJW0,Provide advice about university student stressors,"Given two descriptions of common problems faced by university students, provide advice and encouragement.","advice, encouragement, survey",$0.06 ,Sun Apr 18 21:52:32 PDT 2021,5,BatchId:4412767;OriginalHitTemplateId:928390912;,3600,259200,Sun Apr 25 21:52:32 PDT 2021,,,3907X2AHF05PWI0OV28PVL7V326P2N,A1T0QDGU4D0A0V,Submitted,Sun Apr 18 23:44:41 PDT 2021,Sun Apr 18 23:47:48 PDT 2021,Wed Apr 21 23:47:48 PDT 2021,,,,187,0% (0/0),0% (0/0),0% (0/0),I am worried about not finding a job or internship for next summer.,I am worried about balancing my social and work life.,"Try freelancing or build your own project. ...Take up online classes. ...Learn a new language. ...","Social workers are constantly on the go, dealing with a whirlwind of emotionally demanding situations. While social work professionals may receive praise and appreciation for all of their hard work, dedicating too much time to work without balancing their personal lives can lead to burnout and is not sustainable.",,
35ZRNT9RUIYUAGMCU04D0BBFH8LO3Z,38DURKLYVFZWPU5MIZTRISY185SJW0,Provide advice about university student stressors,"Given two descriptions of common problems faced by university students, provide advice and encouragement.","advice, encouragement, survey",$0.06 ,Sun Apr 18 21:52:32 PDT 2021,5,BatchId:4412767;OriginalHitTemplateId:928390912;,3600,259200,Sun Apr 25 21:52:32 PDT 2021,,,3GDTJDAPVUBUXU50J3PYO8Q3KXLM8P,A381DV1DQVPBHN,Submitted,Sun Apr 18 22:18:29 PDT 2021,Sun Apr 18 22:21:25 PDT 2021,Wed Apr 21 22:21:25 PDT 2021,,,,176,0% (0/0),0% (0/0),0% (0/0),I am worried about not finding a job or internship for next summer.,I am worried about balancing my social and work life.,"I'm sure you would be able to find one with some searching.  Just continue to build up your resume, and apply to as many jobs and internships as possible.  I'm sure you'll receive an offer somewhere.","It's difficult to balance social and work life.  My advice would be to just separate the two, and don't think about one when you're doing the other.  And don't overwork yourself either.",,
35ZRNT9RUIYUAGMCU04D0BBFH8LO3Z,38DURKLYVFZWPU5MIZTRISY185SJW0,Provide advice about university student stressors,"Given two descriptions of common problems faced by university students, provide advice and encouragement.","advice, encouragement, survey",$0.06 ,Sun Apr 18 21:52:32 PDT 2021,5,BatchId:4412767;OriginalHitTemplateId:928390912;,3600,259200,Sun Apr 25 21:52:32 PDT 2021,,,3HRMW88U16QCF50XOZCJVTKL1ZDM06,A1B8P9WRBEPD86,Submitted,Mon Apr 19 00:46:55 PDT 2021,Mon Apr 19 00:56:16 PDT 2021,Thu Apr 22 00:56:16 PDT 2021,,,,561,0% (0/0),0% (0/0),0% (0/0),I am worried about not finding a job or internship for next summer.,I am worried about balancing my social and work life.,"I know it's a complicated context to find a job, but don't worry, there's still a lot of time to look! ask for referrals to friends, family, teachers, show your qualities, experience and willingness to learn, surely one of them will be able to indicate good places to work. sign up for job sites and social networks like linkedin trust your potential and don't give up looking, everything helps in the end! you can find it! good luck.","I'm sure that with a little creativity and positive thinking you can do very well in both areas! remember that to balance personal and professional life you need to set priorities and plan your time well. life is the art of flexibility, if you know yourself and know when to dedicate yourself more to everything, we need to live well with the people around us in the same way that we need to feel professional success to accomplish ourselves. be clear about your goals with the people who participate in your life and know that rest and fun are necessary, over time you balance this scale, believe me!",,
35ZRNT9RUIYUAGMCU04D0BBFH8LO3Z,38DURKLYVFZWPU5MIZTRISY185SJW0,Provide advice about university student stressors,"Given two descriptions of common problems faced by university students, provide advice and encouragement.","advice, encouragement, survey",$0.06 ,Sun Apr 18 21:52:32 PDT 2021,5,BatchId:4412767;OriginalHitTemplateId:928390912;,3600,259200,Sun Apr 25 21:52:32 PDT 2021,,,3K3R2QNK8B3DO7TJXXMYFE28HP6U9E,AA5QJRKG3Y0V5,Submitted,Sun Apr 18 22:28:20 PDT 2021,Sun Apr 18 22:36:16 PDT 2021,Wed Apr 21 22:36:16 PDT 2021,,,,476,0% (0/0),0% (0/0),0% (0/0),I am worried about not finding a job or internship for next summer.,I am worried about balancing my social and work life.,"First don't worry about future, Just focus on your present study,  grow your network and ask for help , if you  need.  Make sure you have some edge in your skill, find your weakness and improve in that area. Be open to any offer and accept whatever comes.  next summer is still long way to go. Keep your spirit up and keep going. best of luck","First stop worrying about that, you are not alone, there is lot of people find it difficult to balancing social and work life. but be careful social life is important but in the same way career is also important.  Better take some day off from your regular work and have some social life and come back to work.  Keep some hours for in a week for social, this way it will reduce your stress. It is all in the mind.",,
35ZRNT9RUIYUAGMCU04D0BBFH8LO3Z,38DURKLYVFZWPU5MIZTRISY185SJW0,Provide advice about university student stressors,"Given two descriptions of common problems faced by university students, provide advice and encouragement.","advice, encouragement, survey",$0.06 ,Sun Apr 18 21:52:32 PDT 2021,5,BatchId:4412767;OriginalHitTemplateId:928390912;,3600,259200,Sun Apr 25 21:52:32 PDT 2021,,,3KKG4CDWKIYE79Z4IRVG2A4EICI946,A2RHN22KBCDQJZ,Submitted,Sun Apr 18 22:09:49 PDT 2021,Sun Apr 18 22:10:17 PDT 2021,Wed Apr 21 22:10:17 PDT 2021,,,,28,0% (0/0),0% (0/0),0% (0/0),I am worried about not finding a job or internship for next summer.,I am worried about balancing my social and work life.,please don't worry all this will pass,please don't worry all this will pass yeah,,
3B9J25CZ25DXL8AOUAWNDJPAKA1SCY,38DURKLYVFZWPU5MIZTRISY185SJW0,Provide advice about university student stressors,"Given two descriptions of common problems faced by university students, provide advice and encouragement.","advice, encouragement, survey",$0.06 ,Sun Apr 18 21:52:32 PDT 2021,5,BatchId:4412767;OriginalHitTemplateId:928390912;,3600,259200,Sun Apr 25 21:52:32 PDT 2021,,,39ASUFLU6X7M07EVADD7RZ2N243XEJ,A1J3ICF1NZYFCR,Submitted,Sun Apr 18 22:34:46 PDT 2021,Sun Apr 18 22:40:00 PDT 2021,Wed Apr 21 22:40:00 PDT 2021,,,,314,0% (0/0),0% (0/0),0% (0/0),I am concerned about exams and schoolwork. I am not doing well in school and I am worried about my grades.,I am worried about being able to pay for rent and having enough money to buy food.,"Take more time to study .Don't worry about your grades.work hard and study well.","Finding a good job and earning a lot of money.Move your life smoothly.",,
3B9J25CZ25DXL8AOUAWNDJPAKA1SCY,38DURKLYVFZWPU5MIZTRISY185SJW0,Provide advice about university student stressors,"Given two descriptions of common problems faced by university students, provide advice and encouragement.","advice, encouragement, survey",$0.06 ,Sun Apr 18 21:52:32 PDT 2021,5,BatchId:4412767;OriginalHitTemplateId:928390912;,3600,259200,Sun Apr 25 21:52:32 PDT 2021,,,39LNWE0K4UW6Z8MM1RSBS71B0FTIUL,A2RHN22KBCDQJZ,Submitted,Sun Apr 18 22:12:29 PDT 2021,Sun Apr 18 22:13:13 PDT 2021,Wed Apr 21 22:13:13 PDT 2021,,,,44,0% (0/0),0% (0/0),0% (0/0),I am concerned about exams and schoolwork. I am not doing well in school and I am worried about my grades.,I am worried about being able to pay for rent and having enough money to buy food.,"calm down, will pass, study some more","I will help you, don't worry, we will help you",,
3B9J25CZ25DXL8AOUAWNDJPAKA1SCY,38DURKLYVFZWPU5MIZTRISY185SJW0,Provide advice about university student stressors,"Given two descriptions of common problems faced by university students, provide advice and encouragement.","advice, encouragement, survey",$0.06 ,Sun Apr 18 21:52:32 PDT 2021,5,BatchId:4412767;OriginalHitTemplateId:928390912;,3600,259200,Sun Apr 25 21:52:32 PDT 2021,,,3EWIJTFFVO7E3H8K71O0ILFCSXI0ER,AYMJAMX7Z7YHG,Submitted,Sun Apr 18 22:05:08 PDT 2021,Sun Apr 18 22:11:11 PDT 2021,Wed Apr 21 22:11:11 PDT 2021,,,,363,0% (0/0),0% (0/0),0% (0/0),I am concerned about exams and schoolwork. I am not doing well in school and I am worried about my grades.,I am worried about being able to pay for rent and having enough money to buy food.,"To spend a lot of time to take study, work hard.study well.Don't worry about grades.","Finding a good job and earning a lot of money.Move your life smoothly.",,
3B9J25CZ25DXL8AOUAWNDJPAKA1SCY,38DURKLYVFZWPU5MIZTRISY185SJW0,Provide advice about university student stressors,"Given two descriptions of common problems faced by university students, provide advice and encouragement.","advice, encouragement, survey",$0.06 ,Sun Apr 18 21:52:32 PDT 2021,5,BatchId:4412767;OriginalHitTemplateId:928390912;,3600,259200,Sun Apr 25 21:52:32 PDT 2021,,,3FQ5JJ512LOKADS14T11RSOUKNSNKC,A1B8P9WRBEPD86,Submitted,Mon Apr 19 00:26:27 PDT 2021,Mon Apr 19 00:33:45 PDT 2021,Thu Apr 22 00:33:45 PDT 2021,,,,438,0% (0/0),0% (0/0),0% (0/0),I am concerned about exams and schoolwork. I am not doing well in school and I am worried about my grades.,I am worried about being able to pay for rent and having enough money to buy food.,"the number of tests and assignments and the difficulty levels can scare us a lot at times, remember that you are able to overcome challenges and you have overcome many others before, you just need to adjust and find your best way to study, do not be compare with other people and allow yourself to rest, with time things will straighten up and your grades will improve, keep on tantalizing!","adult life and financial problems are frightening. make a spending spreadsheet to avoid getting out of your budget, maybe finding a cheaper apartment is a good option, ask colleagues and teachers for guidance on good places. take the opportunity to ask for tips on cheap places to eat and even make your own food. if it is still very difficult to maintain, a weekend job can be an alternative. do not let the worries consume you, you can get organized and go through it!",,
3B9J25CZ25DXL8AOUAWNDJPAKA1SCY,38DURKLYVFZWPU5MIZTRISY185SJW0,Provide advice about university student stressors,"Given two descriptions of common problems faced by university students, provide advice and encouragement.","advice, encouragement, survey",$0.06 ,Sun Apr 18 21:52:32 PDT 2021,5,BatchId:4412767;OriginalHitTemplateId:928390912;,3600,259200,Sun Apr 25 21:52:32 PDT 2021,,,3HWRJOOET52E4QSWG37KSRLVNP1ESS,A2PD9SHVWNX7Q2,Submitted,Sun Apr 18 22:22:51 PDT 2021,Sun Apr 18 22:30:47 PDT 2021,Wed Apr 21 22:30:47 PDT 2021,,,,476,0% (0/0),0% (0/0),0% (0/0),I am concerned about exams and schoolwork. I am not doing well in school and I am worried about my grades.,I am worried about being able to pay for rent and having enough money to buy food.,"I understand your situation very well. The fact that you are doing well at school means that you have the potential to perform well on your grades. You just have to take your time to read and understand the question, and be able to relate what you have learnt with the question before answering it. I am 100% positive that you will surely improve on your grades once you do that.",I understand how this is a difficult situation for you and for most people. I can advice you to stop worrying about this and instead focus on the way to start looking for money to cater for your rent and food. There are many jobs out there you can apply and you start making money.,,
3DWNFENNE3V1R1EJE1HR2KMZWE7J4W,38DURKLYVFZWPU5MIZTRISY185SJW0,Provide advice about university student stressors,"Given two descriptions of common problems faced by university students, provide advice and encouragement.","advice, encouragement, survey",$0.06 ,Sun Apr 18 21:52:32 PDT 2021,5,BatchId:4412767;OriginalHitTemplateId:928390912;,3600,259200,Sun Apr 25 21:52:32 PDT 2021,,,35L9RVQFCOI63DB2V9AQSV0W02DUH3,A2G44A4ZPWRPXU,Submitted,Sun Apr 18 21:53:23 PDT 2021,Sun Apr 18 22:00:47 PDT 2021,Wed Apr 21 22:00:47 PDT 2021,,,,444,100% (21/21),100% (21/21),0% (0/0),I am worried about being able to pay for rent and having enough money to buy food.,I am worried about not finding a job or internship for next summer.,"I WILL HELP  YOU MY FRIEND ,I HAVE SMALL AMOUNT WE WILL SHARE THE RENT",U DO THE BEST U WILL GOT THE JOB,,
3DWNFENNE3V1R1EJE1HR2KMZWE7J4W,38DURKLYVFZWPU5MIZTRISY185SJW0,Provide advice about university student stressors,"Given two descriptions of common problems faced by university students, provide advice and encouragement.","advice, encouragement, survey",$0.06 ,Sun Apr 18 21:52:32 PDT 2021,5,BatchId:4412767;OriginalHitTemplateId:928390912;,3600,259200,Sun Apr 25 21:52:32 PDT 2021,,,3MAOD8E57QAQUDR83CGQHMWWGW6NX0,A3FHW88B3A9O0W,Submitted,Sun Apr 18 23:58:43 PDT 2021,Mon Apr 19 00:19:31 PDT 2021,Thu Apr 22 00:19:31 PDT 2021,,,,1248,0% (0/0),0% (0/0),0% (0/0),I am worried about being able to pay for rent and having enough money to buy food.,I am worried about not finding a job or internship for next summer.,Do not be worried. Make your expenditure plan simple according to your imcome. You live with the budget so you may able to pay rent as well as you can attain necessary food for living nicely.,Do not worry first and wait until you complete the study or course.  When you finish the course definetly you will get good job. I am sure about because you study well and you practised good.  Think always possitively so you feel good and you will be awarded as much your hard work.,,
3DWNFENNE3V1R1EJE1HR2KMZWE7J4W,38DURKLYVFZWPU5MIZTRISY185SJW0,Provide advice about university student stressors,"Given two descriptions of common problems faced by university students, provide advice and encouragement.","advice, encouragement, survey",$0.06 ,Sun Apr 18 21:52:32 PDT 2021,5,BatchId:4412767;OriginalHitTemplateId:928390912;,3600,259200,Sun Apr 25 21:52:32 PDT 2021,,,3U4J9857OEBUEPWKI97JWSJEXEBB72,A2RHN22KBCDQJZ,Submitted,Sun Apr 18 22:06:59 PDT 2021,Sun Apr 18 22:08:05 PDT 2021,Wed Apr 21 22:08:05 PDT 2021,,,,66,0% (0/0),0% (0/0),0% (0/0),I am worried about being able to pay for rent and having enough money to buy food.,I am worried about not finding a job or internship for next summer.,"please calm down, i will help you, we will buy","don't be in a hurry, all in your time, i will help you",,
3DWNFENNE3V1R1EJE1HR2KMZWE7J4W,38DURKLYVFZWPU5MIZTRISY185SJW0,Provide advice about university student stressors,"Given two descriptions of common problems faced by university students, provide advice and encouragement.","advice, encouragement, survey",$0.06 ,Sun Apr 18 21:52:32 PDT 2021,5,BatchId:4412767;OriginalHitTemplateId:928390912;,3600,259200,Sun Apr 25 21:52:32 PDT 2021,,,3VZLGYJEYLAKB25R60RKC935QABZXQ,A29MM3QH9J9AI5,Submitted,Sun Apr 18 22:00:52 PDT 2021,Sun Apr 18 22:09:04 PDT 2021,Wed Apr 21 22:09:04 PDT 2021,,,,492,0% (0/0),0% (0/0),0% (0/0),I am worried about being able to pay for rent and having enough money to buy food.,I am worried about not finding a job or internship for next summer.,"Don't worry a lot. You can comfortably pay your rent if you reduce your everyday unnecessary expenditures. Also, buy food as per requirement. Try to buy raw food material and cook it at home instead of buying from restaurants.","Finding a job or internship is very complex thing. It depends upon many external factors and mainly on the economic condition of the country. So, don't worry about the job, the important thing is to learn the skills required for getting a job. Just keep applying to the companies and take an effort on improving your skills. Definitely, you will get a nice job.",,
3DWNFENNE3V1R1EJE1HR2KMZWE7J4W,38DURKLYVFZWPU5MIZTRISY185SJW0,Provide advice about university student stressors,"Given two descriptions of common problems faced by university students, provide advice and encouragement.","advice, encouragement, survey",$0.06 ,Sun Apr 18 21:52:32 PDT 2021,5,BatchId:4412767;OriginalHitTemplateId:928390912;,3600,259200,Sun Apr 25 21:52:32 PDT 2021,,,3ZAZR5XV01IW84UWF4VXYWIVPSPCZ3,A29GLTXKFWGH1Z,Submitted,Sun Apr 18 22:42:14 PDT 2021,Sun Apr 18 22:48:56 PDT 2021,Wed Apr 21 22:48:56 PDT 2021,,,,402,0% (0/0),0% (0/0),0% (0/0),I am worried about being able to pay for rent and having enough money to buy food.,I am worried about not finding a job or internship for next summer.,"Finding a good job and earning a lot of money.Move your life smoothly.","To work hard  ,improve your ability. Next you have to find a good job.Don't worry about job.",,
3JHB4BPSFK9JAUO8QMXRGT91W1DQ9Q,38DURKLYVFZWPU5MIZTRISY185SJW0,Provide advice about university student stressors,"Given two descriptions of common problems faced by university students, provide advice and encouragement.","advice, encouragement, survey",$0.06 ,Sun Apr 18 21:52:33 PDT 2021,5,BatchId:4412767;OriginalHitTemplateId:928390912;,3600,259200,Sun Apr 25 21:52:33 PDT 2021,,,32M8BPYGATMNUQLRHM3UOS0KR7EGIJ,A2RHN22KBCDQJZ,Submitted,Sun Apr 18 22:09:39 PDT 2021,Sun Apr 18 22:09:49 PDT 2021,Wed Apr 21 22:09:49 PDT 2021,,,,10,0% (0/0),0% (0/0),0% (0/0),I am concerned about COVID-19 uncertainty and my health.,I am stressed about my childcare responsibilities.,n/a,n/a,,
3JHB4BPSFK9JAUO8QMXRGT91W1DQ9Q,38DURKLYVFZWPU5MIZTRISY185SJW0,Provide advice about university student stressors,"Given two descriptions of common problems faced by university students, provide advice and encouragement.","advice, encouragement, survey",$0.06 ,Sun Apr 18 21:52:33 PDT 2021,5,BatchId:4412767;OriginalHitTemplateId:928390912;,3600,259200,Sun Apr 25 21:52:33 PDT 2021,,,3NKQQ8O39Y5PRX609DR01ALY8AQDUJ,A3BV0IXS9AR8TV,Submitted,Mon Apr 19 01:09:25 PDT 2021,Mon Apr 19 01:13:09 PDT 2021,Thu Apr 22 01:13:09 PDT 2021,,,,224,0% (0/0),0% (0/0),0% (0/0),I am concerned about COVID-19 uncertainty and my health.,I am stressed about my childcare responsibilities.,"It's okay to feel this way, especially in this period. Try to take all the precautions in keeping you out of danger, wear masks, keep your distance from other people and go out only when necessary. Also if your mental health is also going down, please contact your doctor and take a psychologist appointment.",It's okay to be concern about these responsibilities. Did you try to talk about this with your partner or your family? If that didn't work try to hire someone to help you home or ask your friends to help you to manage all this work.,,
3JHB4BPSFK9JAUO8QMXRGT91W1DQ9Q,38DURKLYVFZWPU5MIZTRISY185SJW0,Provide advice about university student stressors,"Given two descriptions of common problems faced by university students, provide advice and encouragement.","advice, encouragement, survey",$0.06 ,Sun Apr 18 21:52:33 PDT 2021,5,BatchId:4412767;OriginalHitTemplateId:928390912;,3600,259200,Sun Apr 25 21:52:33 PDT 2021,,,3QIYRE09Y3HI4C6FWJVJMDSVBHTN1A,A1B8P9WRBEPD86,Submitted,Mon Apr 19 00:56:17 PDT 2021,Mon Apr 19 01:03:55 PDT 2021,Thu Apr 22 01:03:55 PDT 2021,,,,458,0% (0/0),0% (0/0),0% (0/0),I am concerned about COVID-19 uncertainty and my health.,I am stressed about my childcare responsibilities.,"you are not alone, in this pandemic scenario we are all a little paranoid about the virus. make sure you are taking all the necessary precautions, avoid exposing yourself to the maximum and get the vaccine as soon as possible! keep an eye out for any symptoms that may indicate the disease. take time to get off topic if possible, try new hobbies and studies can help with anxiety and worry. taking all care your health is going well! don't worry so much, we will get out of it soon.","it's not easy to take care of children all the time! take time for a break. a hot drink can help to calm down with the children. remember that most of the time children are entertained with the simple things, an outdoor activity can be good for the whole family and improve a connection between you. I know you're doing your best! it is not wrong to ask for help. take time for yourself whenever necessary. take care of yourself",,
3JHB4BPSFK9JAUO8QMXRGT91W1DQ9Q,38DURKLYVFZWPU5MIZTRISY185SJW0,Provide advice about university student stressors,"Given two descriptions of common problems faced by university students, provide advice and encouragement.","advice, encouragement, survey",$0.06 ,Sun Apr 18 21:52:33 PDT 2021,5,BatchId:4412767;OriginalHitTemplateId:928390912;,3600,259200,Sun Apr 25 21:52:33 PDT 2021,,,3XM0HYN6NKZHRYC4OM3QXMGK05UPEN,AWJ3MAVSHICCR,Submitted,Sun Apr 18 22:30:55 PDT 2021,Sun Apr 18 22:43:29 PDT 2021,Wed Apr 21 22:43:29 PDT 2021,,,,754,0% (0/0),0% (0/0),0% (0/0),I am concerned about COVID-19 uncertainty and my health.,I am stressed about my childcare responsibilities.,"So, I decided to plan not to go out. If situation comes wear i should wear mask. And want to eat healthy foods.",Yes child care is very important  you should taking extra care of your child. That was your responsibilities.,,
3JHB4BPSFK9JAUO8QMXRGT91W1DQ9Q,38DURKLYVFZWPU5MIZTRISY185SJW0,Provide advice about university student stressors,"Given two descriptions of common problems faced by university students, provide advice and encouragement.","advice, encouragement, survey",$0.06 ,Sun Apr 18 21:52:33 PDT 2021,5,BatchId:4412767;OriginalHitTemplateId:928390912;,3600,259200,Sun Apr 25 21:52:33 PDT 2021,,,3ZWFC4W1UU7U9PSFWPRLKZ1ZDOXFRN,AY6AVORZT6ILW,Submitted,Sun Apr 18 22:03:52 PDT 2021,Sun Apr 18 22:10:49 PDT 2021,Wed Apr 21 22:10:49 PDT 2021,,,,417,0% (0/0),0% (0/0),0% (0/0),I am concerned about COVID-19 uncertainty and my health.,I am stressed about my childcare responsibilities.,"The lungs are the organs most affected by COVID-19 because the virus accesses host cells via the enzyme angiotensin-converting enzyme 2 (ACE2), which is most abundant in type II alveolar cells of the lungs.",Even very young children have worries and feel stress to some degree. ... ways to help manage your child's time and responsibilities to lessen the anxiety.,,
3VGET1QSZ0ZKG8W1NYYDUM0HPC67WZ,38DURKLYVFZWPU5MIZTRISY185SJW0,Provide advice about university student stressors,"Given two descriptions of common problems faced by university students, provide advice and encouragement.","advice, encouragement, survey",$0.06 ,Sun Apr 18 21:52:33 PDT 2021,5,BatchId:4412767;OriginalHitTemplateId:928390912;,3600,259200,Sun Apr 25 21:52:33 PDT 2021,,,33SA9F9TRXU7B79508HLPGOGT2YEW8,AZJYLX4T2W3NL,Submitted,Sun Apr 18 23:06:43 PDT 2021,Sun Apr 18 23:23:33 PDT 2021,Wed Apr 21 23:23:33 PDT 2021,,,,1010,0% (0/0),0% (0/0),0% (0/0),My friends and family think that the COVID-19 vaccine will be detrimental to my health so I am not sure whether or not I should take the vaccine.,I am concerned about exams and schoolwork. I am not doing well in school and I am worried about my grades.,"Vaccines are safe, and you should get vaccinated it will protect you against COVID-19","If you find yourself preparing for schoolwork and exam by hoping for the best and imagining the worst, you're not alone so it's natural to worry about whether you'll do OK.",,
3VGET1QSZ0ZKG8W1NYYDUM0HPC67WZ,38DURKLYVFZWPU5MIZTRISY185SJW0,Provide advice about university student stressors,"Given two descriptions of common problems faced by university students, provide advice and encouragement.","advice, encouragement, survey",$0.06 ,Sun Apr 18 21:52:33 PDT 2021,5,BatchId:4412767;OriginalHitTemplateId:928390912;,3600,259200,Sun Apr 25 21:52:33 PDT 2021,,,3IAEQB9FMEK2J1V54D61JY6VTQWDWD,A2RHN22KBCDQJZ,Submitted,Sun Apr 18 22:11:09 PDT 2021,Sun Apr 18 22:11:44 PDT 2021,Wed Apr 21 22:11:44 PDT 2021,,,,35,0% (0/0),0% (0/0),0% (0/0),My friends and family think that the COVID-19 vaccine will be detrimental to my health so I am not sure whether or not I should take the vaccine.,I am concerned about exams and schoolwork. I am not doing well in school and I am worried about my grades.,"of course not, the vaccine is good, it is essential to take the vaccine","you just have to try harder, study harder",,
3VGET1QSZ0ZKG8W1NYYDUM0HPC67WZ,38DURKLYVFZWPU5MIZTRISY185SJW0,Provide advice about university student stressors,"Given two descriptions of common problems faced by university students, provide advice and encouragement.","advice, encouragement, survey",$0.06 ,Sun Apr 18 21:52:33 PDT 2021,5,BatchId:4412767;OriginalHitTemplateId:928390912;,3600,259200,Sun Apr 25 21:52:33 PDT 2021,,,3QILPRALQ5V0FCQ0V44Y1NF3PNW8NC,AQSPGALQ4TOEC,Submitted,Sun Apr 18 22:52:21 PDT 2021,Sun Apr 18 23:01:50 PDT 2021,Wed Apr 21 23:01:50 PDT 2021,,,,569,0% (0/0),0% (0/0),0% (0/0),My friends and family think that the COVID-19 vaccine will be detrimental to my health so I am not sure whether or not I should take the vaccine.,I am concerned about exams and schoolwork. I am not doing well in school and I am worried about my grades.,COVID-19 Vaccine is detrimental or not is a big doubt. So first fall we have to check online about the pros and cons of the vaccine. And also we have to speak to doctors about it. We can also speak to the person who have already taken the vaccine to know their experience after taking the vaccine. We should also know that the vaccine have been tested many times by many countries so not to worry about it.,Concentrate when the lessons are explained. Ask the doubts immediately and clarified it. Try to divide your time for each and every subjects. Read the lesson thoroughly one's or twice. And after reading the Question & Answers write it down with out seeing.This will remind in your mind for a longer time. Try to understand the sentences than only you can remember it.,,
3VGET1QSZ0ZKG8W1NYYDUM0HPC67WZ,38DURKLYVFZWPU5MIZTRISY185SJW0,Provide advice about university student stressors,"Given two descriptions of common problems faced by university students, provide advice and encouragement.","advice, encouragement, survey",$0.06 ,Sun Apr 18 21:52:33 PDT 2021,5,BatchId:4412767;OriginalHitTemplateId:928390912;,3600,259200,Sun Apr 25 21:52:33 PDT 2021,,,3WJ1OXY92AGTVTWBM0ZTFHV3QG0A8X,A3FHW88B3A9O0W,Submitted,Mon Apr 19 00:46:34 PDT 2021,Mon Apr 19 01:12:03 PDT 2021,Thu Apr 22 01:12:03 PDT 2021,,,,1529,0% (0/0),0% (0/0),0% (0/0),My friends and family think that the COVID-19 vaccine will be detrimental to my health so I am not sure whether or not I should take the vaccine.,I am concerned about exams and schoolwork. I am not doing well in school and I am worried about my grades.,"Do not think bad, please obey the order of Health and nothing will happen to your health. Health will examine if you have any complication  in giving vaccination that matching with your health. Only thing is to inform health if you have any problem in you health.","Do not afraid those things, you give attention to the studies and you will win and recieve the grades.  You need to work hard then only you will be rewarded. Unless you pay attention to the study you never win.  So you concentrate in the schoolwork and appear for the examination with full concious.",,
3VGET1QSZ0ZKG8W1NYYDUM0HPC67WZ,38DURKLYVFZWPU5MIZTRISY185SJW0,Provide advice about university student stressors,"Given two descriptions of common problems faced by university students, provide advice and encouragement.","advice, encouragement, survey",$0.06 ,Sun Apr 18 21:52:33 PDT 2021,5,BatchId:4412767;OriginalHitTemplateId:928390912;,3600,259200,Sun Apr 25 21:52:33 PDT 2021,,,3WLEIWSYHOHXJ120CP0KMC54HBUH28,AE1A69PS9RKC4,Submitted,Sun Apr 18 22:14:53 PDT 2021,Sun Apr 18 22:18:34 PDT 2021,Wed Apr 21 22:18:34 PDT 2021,,,,221,0% (0/0),0% (0/0),0% (0/0),My friends and family think that the COVID-19 vaccine will be detrimental to my health so I am not sure whether or not I should take the vaccine.,I am concerned about exams and schoolwork. I am not doing well in school and I am worried about my grades.,"“He'd say that I'm always the first to volunteer and lead the way when it's time to act.” “She would definitely tell you that when times are tough for everyone, not just one of us, I'm always there to see things through.” “That I'm organized, considerate, and dependable.”","I believe my family and friends would describe me as adaptable, a leader, and good at problem-solving. Typically in my personal life, I am the leader of the group. I have been known to plan most group events that we do, and I am always the one to check-in on my friends.",,
3VGZ74AYTGGUV31XZA26O567WZ7GC2,38DURKLYVFZWPU5MIZTRISY185SJW0,Provide advice about university student stressors,"Given two descriptions of common problems faced by university students, provide advice and encouragement.","advice, encouragement, survey",$0.06 ,Sun Apr 18 21:52:33 PDT 2021,5,BatchId:4412767;OriginalHitTemplateId:928390912;,3600,259200,Sun Apr 25 21:52:33 PDT 2021,,,30LB5CDZNCACECZG3O2D3VGUG3UZ0Z,A1B8P9WRBEPD86,Submitted,Mon Apr 19 00:40:22 PDT 2021,Mon Apr 19 00:46:55 PDT 2021,Thu Apr 22 00:46:55 PDT 2021,,,,393,0% (0/0),0% (0/0),0% (0/0),I am stressed about my childcare responsibilities.,My friends and family think that the COVID-19 vaccine will be detrimental to my health so I am not sure whether or not I should take the vaccine.,"children require more attention and time than we have most of the time. try to remember that you too have been like this and that their needs are real but can be controlled. remember that responsibilities must always be divided and dialogue from an early age can help you to develop them well and not exhaust your energies. don't forget about yourself, take time to take care of yourself and do things you like. you can!","I know that the opinion of family and friends are very important, they shape our personality and who we are. but remember that the decision and the consequences are exclusively yours. about vaccines, they are proven to be effective, it is a scientifically tested way of saving lives, especially in a scenario where so many people died without access to it. being able to get the vaccine is a privilege. research, read, get informed, create your own opinion and be faithful to it.",,
3VGZ74AYTGGUV31XZA26O567WZ7GC2,38DURKLYVFZWPU5MIZTRISY185SJW0,Provide advice about university student stressors,"Given two descriptions of common problems faced by university students, provide advice and encouragement.","advice, encouragement, survey",$0.06 ,Sun Apr 18 21:52:33 PDT 2021,5,BatchId:4412767;OriginalHitTemplateId:928390912;,3600,259200,Sun Apr 25 21:52:33 PDT 2021,,,3GM6G9ZBKNXDVEXOM10TF4MQYA6MTE,A3T1M3NZ5UIA56,Submitted,Sun Apr 18 22:26:27 PDT 2021,Sun Apr 18 22:29:33 PDT 2021,Wed Apr 21 22:29:33 PDT 2021,,,,186,0% (0/0),0% (0/0),0% (0/0),I am stressed about my childcare responsibilities.,My friends and family think that the COVID-19 vaccine will be detrimental to my health so I am not sure whether or not I should take the vaccine.,"hen these are added to the everyday pressures kids face, the stress is magnified. Even the most amicable divorce can be tough for kids because their basic security system — their family — is undergoing a big change. Separated or divorced parents should never put kids in a position of having to choose sides or expose them to negative comments about the other spouse","you may be able to start doing some things that you stopped doing because of the pandemic. For example, you can gather indoors without masks with other people who are fully vaccinated.We are still learning how vaccines will affect the spread of COVID-19. Until we know more about how vaccines will affect the spread of COVID-19, people who are fully vaccinated against COVID-19 should keep taking precautions in public places like wearing a mask, staying 6 feet apart from others, avoiding crowds and poorly ventilated spaces, and washing your hands often",,
3VGZ74AYTGGUV31XZA26O567WZ7GC2,38DURKLYVFZWPU5MIZTRISY185SJW0,Provide advice about university student stressors,"Given two descriptions of common problems faced by university students, provide advice and encouragement.","advice, encouragement, survey",$0.06 ,Sun Apr 18 21:52:33 PDT 2021,5,BatchId:4412767;OriginalHitTemplateId:928390912;,3600,259200,Sun Apr 25 21:52:33 PDT 2021,,,3OS46CRSLFZQJ3GL4GTRRQDP5VBV6X,A2EV4VW1L9KDB1,Submitted,Mon Apr 19 00:56:50 PDT 2021,Mon Apr 19 01:14:32 PDT 2021,Thu Apr 22 01:14:32 PDT 2021,,,,1062,0% (0/0),0% (0/0),0% (0/0),I am stressed about my childcare responsibilities.,My friends and family think that the COVID-19 vaccine will be detrimental to my health so I am not sure whether or not I should take the vaccine.,"No doubt childcare is one very crucial responsibility and it requires a strict supervision. However, there are ways to cope up with this situation. First, feel calmer, more relaxed, less anxious, and less tense, Don't hesitate to ask for help from your colleagues, friends, or relatives if you think you are unable to manage it. .","People say so because of some mild side effects after getting vaccinated. However, as per medical experts it actually means the vaccine is working and your immune system is responding to it.  COVID-19 Vaccines are safe, and getting vaccinated will help protect you against COVID-19.",,
3VGZ74AYTGGUV31XZA26O567WZ7GC2,38DURKLYVFZWPU5MIZTRISY185SJW0,Provide advice about university student stressors,"Given two descriptions of common problems faced by university students, provide advice and encouragement.","advice, encouragement, survey",$0.06 ,Sun Apr 18 21:52:33 PDT 2021,5,BatchId:4412767;OriginalHitTemplateId:928390912;,3600,259200,Sun Apr 25 21:52:33 PDT 2021,,,3PJUZCGDJ6GFQAM6UULTJMKJKYE98D,A2RHN22KBCDQJZ,Submitted,Sun Apr 18 22:10:24 PDT 2021,Sun Apr 18 22:11:09 PDT 2021,Wed Apr 21 22:11:09 PDT 2021,,,,45,0% (0/0),0% (0/0),0% (0/0),I am stressed about my childcare responsibilities.,My friends and family think that the COVID-19 vaccine will be detrimental to my health so I am not sure whether or not I should take the vaccine.,"be calm, don't stress, it's just a phase","of course not, the vaccine is good, it is essential to take the vaccine",,
3VGZ74AYTGGUV31XZA26O567WZ7GC2,38DURKLYVFZWPU5MIZTRISY185SJW0,Provide advice about university student stressors,"Given two descriptions of common problems faced by university students, provide advice and encouragement.","advice, encouragement, survey",$0.06 ,Sun Apr 18 21:52:33 PDT 2021,5,BatchId:4412767;OriginalHitTemplateId:928390912;,3600,259200,Sun Apr 25 21:52:33 PDT 2021,,,3Z7ISHFUH0VUW14JYSFSWAMCZ17Z8N,A3BV0IXS9AR8TV,Submitted,Mon Apr 19 01:04:31 PDT 2021,Mon Apr 19 01:08:40 PDT 2021,Thu Apr 22 01:08:40 PDT 2021,,,,249,0% (0/0),0% (0/0),0% (0/0),I am stressed about my childcare responsibilities.,My friends and family think that the COVID-19 vaccine will be detrimental to my health so I am not sure whether or not I should take the vaccine.,"It's okay dear to have these concerns. First of all talk to your partner (if you have one) about your stress, this should be something you need to share and not keep for yourself. Did you consider maybe to hire a nanny or a babysitter to help you in managing everything? Or maybe you can ask some friends to take your children out while you do what you need to do or just relax.","Dear it's okay to be concerned about your future health. Try to first talk to your family doctor and if their answer doesn't satisfy you then try to ask some other doctor. Do not trust every blog that you find in the internet, trust doctors and experts on the argument.",,
3E9VAUV7BWE6OFPZ92SLPANN1SCAYS,38DURKLYVFZWPU5MIZTRISY185SJW0,Provide advice about university student stressors,"Given two descriptions of common problems faced by university students, provide advice and encouragement.","advice, encouragement, survey",$0.06 ,Sun Apr 18 21:52:33 PDT 2021,5,BatchId:4412767;OriginalHitTemplateId:928390912;,3600,259200,Sun Apr 25 21:52:33 PDT 2021,,,3GDTJDAPVUBUXU50J3PYO8Q3KXQ8MG,A2DP42MZNLMART,Submitted,Mon Apr 19 01:04:47 PDT 2021,Mon Apr 19 01:10:15 PDT 2021,Thu Apr 22 01:10:15 PDT 2021,,,,328,0% (0/0),0% (0/0),0% (0/0),I am worried about balancing my social and work life.,I am concerned about my mental health. I am having trouble finding time for self care.,"Look, I give you some advice: try to be balanced between work and family. If you work too much then you neglect the family that will gradually move away from you. Yes, overworking can bring you other income but in the end what is more important in life, work or family? meditate !!","Listen, mental health is very important. Take the time to consult a specialist, you will see that you will find relief. And then, think also of your family members, seeing you get better, surely we would be better too.",,
3E9VAUV7BWE6OFPZ92SLPANN1SCAYS,38DURKLYVFZWPU5MIZTRISY185SJW0,Provide advice about university student stressors,"Given two descriptions of common problems faced by university students, provide advice and encouragement.","advice, encouragement, survey",$0.06 ,Sun Apr 18 21:52:33 PDT 2021,5,BatchId:4412767;OriginalHitTemplateId:928390912;,3600,259200,Sun Apr 25 21:52:33 PDT 2021,,,3NXNZ5RS1AXBQWHNKPTN5MOO9E897Q,A2RHN22KBCDQJZ,Submitted,Sun Apr 18 22:10:18 PDT 2021,Sun Apr 18 22:10:24 PDT 2021,Wed Apr 21 22:10:24 PDT 2021,,,,6,0% (0/0),0% (0/0),0% (0/0),I am worried about balancing my social and work life.,I am concerned about my mental health. I am having trouble finding time for self care.,please don't worry all this will passplease don't worry all this will pass,please don't worry all this will pass,,
3E9VAUV7BWE6OFPZ92SLPANN1SCAYS,38DURKLYVFZWPU5MIZTRISY185SJW0,Provide advice about university student stressors,"Given two descriptions of common problems faced by university students, provide advice and encouragement.","advice, encouragement, survey",$0.06 ,Sun Apr 18 21:52:33 PDT 2021,5,BatchId:4412767;OriginalHitTemplateId:928390912;,3600,259200,Sun Apr 25 21:52:33 PDT 2021,,,3PWWM24LHSY4QQ179L6E9ZC5ES428E,A1J3ICF1NZYFCR,Submitted,Sun Apr 18 21:54:11 PDT 2021,Sun Apr 18 22:03:42 PDT 2021,Wed Apr 21 22:03:42 PDT 2021,,,,571,0% (0/0),0% (0/0),0% (0/0),I am worried about balancing my social and work life.,I am concerned about my mental health. I am having trouble finding time for self care.,"Finding a good job and earning a lot of money .Move your life smoothly.","First ,we have to do work complete.To spend a time for self care.To finding a good health care.",,
3E9VAUV7BWE6OFPZ92SLPANN1SCAYS,38DURKLYVFZWPU5MIZTRISY185SJW0,Provide advice about university student stressors,"Given two descriptions of common problems faced by university students, provide advice and encouragement.","advice, encouragement, survey",$0.06 ,Sun Apr 18 21:52:33 PDT 2021,5,BatchId:4412767;OriginalHitTemplateId:928390912;,3600,259200,Sun Apr 25 21:52:33 PDT 2021,,,3TS1AR6UQQEKR680NBTFFIAZCC7F7S,A3BV0IXS9AR8TV,Submitted,Mon Apr 19 00:49:06 PDT 2021,Mon Apr 19 00:53:40 PDT 2021,Thu Apr 22 00:53:40 PDT 2021,,,,274,0% (0/0),0% (0/0),0% (0/0),I am worried about balancing my social and work life.,I am concerned about my mental health. I am having trouble finding time for self care.,Do not worry being able to balance your social and work life can be difficult but it's not impossible. Try to understand which boundaries are necessary for you. Predefine a time each day where you take a break. Try also to not work in these breaks or at least to ignore the phone while it isn't necessary.,"It is normal to feel this way, this is just the first step tp understand you might have a problem. Try to find a routine in the morning and in the evening where you take care of yourself, try to change environment if you work from home, maybe just changing the room and leaving behind your pc might be a little difference. Try to contact a psychologist and take time for yourself.",,
3E9VAUV7BWE6OFPZ92SLPANN1SCAYS,38DURKLYVFZWPU5MIZTRISY185SJW0,Provide advice about university student stressors,"Given two descriptions of common problems faced by university students, provide advice and encouragement.","advice, encouragement, survey",$0.06 ,Sun Apr 18 21:52:33 PDT 2021,5,BatchId:4412767;OriginalHitTemplateId:928390912;,3600,259200,Sun Apr 25 21:52:33 PDT 2021,,,3U088ZLJVKT8KHUBS1I64RMCZ1R0WB,A1B8P9WRBEPD86,Submitted,Mon Apr 19 00:33:46 PDT 2021,Mon Apr 19 00:40:21 PDT 2021,Thu Apr 22 00:40:21 PDT 2021,,,,395,0% (0/0),0% (0/0),0% (0/0),I am worried about balancing my social and work life.,I am concerned about my mental health. I am having trouble finding time for self care.,"it is super healthy to have this concern, you need time to have fun with your family and friends and you also need to dedicate yourself to be successful and fulfilling people, it is often difficult to reach this balance and we need to make personal conceptions, we are not always able to do everything and everything is fine. we are not perfect. I am sure that the important people in your social life will understand when you need to dedicate yourself more to your professional life and that you will know when you are exaggerating. know yourself well and everything will be fine","having time for yourself is a human need. try not to charge yourself so much in other aspects and take a few minutes out of the day to be silent with yourself and understand your feelings and concerns, it will even help in the day to day tasks, talk to friends, family and take time to have fun and remember to ask for help whenever necessary. it is not a shame not to be able to do everything and you are not alone",,
3WUVMVA7OB36T5Z45OU43HWP7MGAZJ,38DURKLYVFZWPU5MIZTRISY185SJW0,Provide advice about university student stressors,"Given two descriptions of common problems faced by university students, provide advice and encouragement.","advice, encouragement, survey",$0.06 ,Sun Apr 18 21:52:33 PDT 2021,5,BatchId:4412767;OriginalHitTemplateId:928390912;,3600,259200,Sun Apr 25 21:52:33 PDT 2021,,,37U1UTWH9VMLUAISOBLFA7KDQKK8RZ,A3T5UAYFKJBVTA,Submitted,Sun Apr 18 22:05:53 PDT 2021,Sun Apr 18 22:08:47 PDT 2021,Wed Apr 21 22:08:47 PDT 2021,,,,174,0% (0/0),0% (0/0),0% (0/0),I am concerned about my mental health. I am having trouble finding time for self care.,I am nervous about making new friends and having a good social life.,"University is a confusing time of life where you are figuring out what you want to do with your life, making friends, finding your place in a community, and studying. It can definitely be difficult to take care of your mental health and making time for yourself. One strategy I suggest is setting a schedule to set aside time just for yourself, or simply find activities that you enjoy in your free time.","When making new friends and having a good social life, it can be hard. On one hand, you want to make a good impression, but you want to be able to be yourself. In order to have a good social life, you also want to be able to have good friends. One strategy I suggest is knowing that everyone is seeking friendship as well and friends will come to you one way or another.",,
3WUVMVA7OB36T5Z45OU43HWP7MGAZJ,38DURKLYVFZWPU5MIZTRISY185SJW0,Provide advice about university student stressors,"Given two descriptions of common problems faced by university students, provide advice and encouragement.","advice, encouragement, survey",$0.06 ,Sun Apr 18 21:52:33 PDT 2021,5,BatchId:4412767;OriginalHitTemplateId:928390912;,3600,259200,Sun Apr 25 21:52:33 PDT 2021,,,3AMW0RGHOD2LL4PHHL69N9ATEXZNPE,A3BV0IXS9AR8TV,Submitted,Mon Apr 19 00:59:25 PDT 2021,Mon Apr 19 01:04:27 PDT 2021,Thu Apr 22 01:04:27 PDT 2021,,,,302,0% (0/0),0% (0/0),0% (0/0),I am concerned about my mental health. I am having trouble finding time for self care.,I am nervous about making new friends and having a good social life.,"Okay dear, first of all understand that you did a great job in understand that you're struggling. First of all try to understand if you might use an appointment with a psychologist. If you don't think it's of use then try to create a small routine, do not exaggerate but maybe try with something small, like reading two pages of a book every night or do not use your phone in the morning.","It's okay dear, no worries. It might be useful for you to start participating activities that you're interested in, do no go there because you want new friends, but with the expectation of going to do something you enjoy doing. Also consider to not give yourself too much pressure in having a perfect social life, every person is different, so live day by day.",,
3WUVMVA7OB36T5Z45OU43HWP7MGAZJ,38DURKLYVFZWPU5MIZTRISY185SJW0,Provide advice about university student stressors,"Given two descriptions of common problems faced by university students, provide advice and encouragement.","advice, encouragement, survey",$0.06 ,Sun Apr 18 21:52:33 PDT 2021,5,BatchId:4412767;OriginalHitTemplateId:928390912;,3600,259200,Sun Apr 25 21:52:33 PDT 2021,,,3HWRJOOET52E4QSWG37KSRLVNP7ESY,A6X9Z8ASO7ZZ6,Submitted,Mon Apr 19 01:48:09 PDT 2021,Mon Apr 19 02:10:20 PDT 2021,Thu Apr 22 02:10:20 PDT 2021,,,,1331,0% (0/0),0% (0/0),0% (0/0),I am concerned about my mental health. I am having trouble finding time for self care.,I am nervous about making new friends and having a good social life.,"Mental Health is very important, many people have committed suicide due to poor mental health. So, it is good that you are concerned about your mental health. Luckily, there are now many resources out there to help you improve ones mental being such as counselling both in person and online, there are tips on how to look after your mental health on Youtube https://www.youtube.com/watch?v=ZWVcSwcbDK0 and even just searching on google https://www.mentalhealth.org.uk/publications/how-to-mental-health.","Making new friends is never an easy thing, especially if you are an introvert like me, so I understand. However, it is still possible to have a good social life, you just need to start off talking with at least one or two people and as time goes by you will get use to talking with much more people. One of the main ways to get use to making new friends is to continuously keep on talking with people, I believe that's how one can begin to build and have a good social life. There are some more tips here, if you would like more information on how to build a good social life and make more friends https://headsupguys.org/practical-tips/social-life/.",,
3WUVMVA7OB36T5Z45OU43HWP7MGAZJ,38DURKLYVFZWPU5MIZTRISY185SJW0,Provide advice about university student stressors,"Given two descriptions of common problems faced by university students, provide advice and encouragement.","advice, encouragement, survey",$0.06 ,Sun Apr 18 21:52:33 PDT 2021,5,BatchId:4412767;OriginalHitTemplateId:928390912;,3600,259200,Sun Apr 25 21:52:33 PDT 2021,,,3IQ1VMJRYTKT9YFLRS57FDQEAMF9AI,AQSPGALQ4TOEC,Submitted,Sun Apr 18 23:02:26 PDT 2021,Sun Apr 18 23:26:35 PDT 2021,Wed Apr 21 23:26:35 PDT 2021,,,,1449,0% (0/0),0% (0/0),0% (0/0),I am concerned about my mental health. I am having trouble finding time for self care.,I am nervous about making new friends and having a good social life.,"If we don't take good rest than our mental health will be affected. So we have to set time for every routine of our life. Sleeping early and rising early is good habit. Sleeping at least 7 to 8 hours will give our body time to repair many illness in our body. Eating at proper time and fresh vegetables, fruits also play a big role for our good mental health. Avoid junk, refined and package foods.",At first try to be friendly with your parents and siblings. You have to stop the negative thoughts. Instead of hiding your fear fight with it. Than only you can come out of the nervousness. Try to do Yoga to relief from any kind of stress. Before making friends we have to know the person's character and behaviour.,,
3WUVMVA7OB36T5Z45OU43HWP7MGAZJ,38DURKLYVFZWPU5MIZTRISY185SJW0,Provide advice about university student stressors,"Given two descriptions of common problems faced by university students, provide advice and encouragement.","advice, encouragement, survey",$0.06 ,Sun Apr 18 21:52:33 PDT 2021,5,BatchId:4412767;OriginalHitTemplateId:928390912;,3600,259200,Sun Apr 25 21:52:33 PDT 2021,,,3RXPCZQMQPBCUKPT9FIOWTJYA53G1R,A2RHN22KBCDQJZ,Submitted,Sun Apr 18 22:08:53 PDT 2021,Sun Apr 18 22:09:39 PDT 2021,Wed Apr 21 22:09:39 PDT 2021,,,,46,0% (0/0),0% (0/0),0% (0/0),I am concerned about my mental health. I am having trouble finding time for self care.,I am nervous about making new friends and having a good social life.,"look for a psychologist, it's the best thing to do",just be calm that everything will happen naturally,,
31YWE12TE0CZ581RX3UZW5EOYEC7XS,38DURKLYVFZWPU5MIZTRISY185SJW0,Provide advice about university student stressors,"Given two descriptions of common problems faced by university students, provide advice and encouragement.","advice, encouragement, survey",$0.06 ,Sun Apr 18 21:52:33 PDT 2021,5,BatchId:4412767;OriginalHitTemplateId:928390912;,3600,259200,Sun Apr 25 21:52:33 PDT 2021,,,320DUZ38G7MJP15XZ4OU0TFK4M3GJV,A2RHN22KBCDQJZ,Submitted,Sun Apr 18 22:11:44 PDT 2021,Sun Apr 18 22:12:28 PDT 2021,Wed Apr 21 22:12:28 PDT 2021,,,,44,0% (0/0),0% (0/0),0% (0/0),I am nervous about making new friends and having a good social life.,I am being stressed by my roommates being loud and not paying attention to roommate agreement.,"it will come naturally, there is no reason to worry, calm down","ask them to stop, talk to them",,
31YWE12TE0CZ581RX3UZW5EOYEC7XS,38DURKLYVFZWPU5MIZTRISY185SJW0,Provide advice about university student stressors,"Given two descriptions of common problems faced by university students, provide advice and encouragement.","advice, encouragement, survey",$0.06 ,Sun Apr 18 21:52:33 PDT 2021,5,BatchId:4412767;OriginalHitTemplateId:928390912;,3600,259200,Sun Apr 25 21:52:33 PDT 2021,,,33TIN5LC04AU5GDO7YJNIZ8LDDK9YU,A1B8P9WRBEPD86,Submitted,Mon Apr 19 00:18:12 PDT 2021,Mon Apr 19 00:26:26 PDT 2021,Thu Apr 22 00:26:26 PDT 2021,,,,494,0% (0/0),0% (0/0),0% (0/0),I am nervous about making new friends and having a good social life.,I am being stressed by my roommates being loud and not paying attention to roommate agreement.,"being in a new environment and making new friends can seem difficult, but being yourself confident soon find your group of friends and will gradually build your social life, remember that the possibilities are endless and that you are great! how people will love you.don't cover yourself so much, live this experience to the fullest and allow yourself to make mistakes, be kind to yourself and people will also be.","sharing personal space with new people can be difficult, remember that everyone has their own difficulties and ways of acting, respect and empathy are the main qualities among roommates, have a meeting and express your feelings about their behavior and your needs, I'm sure you can reach an agreement and live in harmony, remember that roommates are friends for life, almost family, trying to reconcile is always the best way, you can do it!",,
31YWE12TE0CZ581RX3UZW5EOYEC7XS,38DURKLYVFZWPU5MIZTRISY185SJW0,Provide advice about university student stressors,"Given two descriptions of common problems faced by university students, provide advice and encouragement.","advice, encouragement, survey",$0.06 ,Sun Apr 18 21:52:33 PDT 2021,5,BatchId:4412767;OriginalHitTemplateId:928390912;,3600,259200,Sun Apr 25 21:52:33 PDT 2021,,,3EF8EXOTT1VMLMFUHL3RT6BE2XM1JI,AQSPGALQ4TOEC,Submitted,Sun Apr 18 23:31:08 PDT 2021,Sun Apr 18 23:44:26 PDT 2021,Wed Apr 21 23:44:26 PDT 2021,,,,798,0% (0/0),0% (0/0),0% (0/0),I am nervous about making new friends and having a good social life.,I am being stressed by my roommates being loud and not paying attention to roommate agreement.,"At first you have to agree and disagree with your negative thoughts. We should try to  fight our fear as possible as we can, then only we can overcome of it. Try to make friends online first by chatting with them. Be kind to yourself don't over do it. Care your self.",Complaining will not solve our problem.It will only make enmity. Try to make friends with them as  their and your opinions may differ. So first of all try to be caring and friendly nature towards them and then share your stress problem with them. Give them some space.,,
31YWE12TE0CZ581RX3UZW5EOYEC7XS,38DURKLYVFZWPU5MIZTRISY185SJW0,Provide advice about university student stressors,"Given two descriptions of common problems faced by university students, provide advice and encouragement.","advice, encouragement, survey",$0.06 ,Sun Apr 18 21:52:33 PDT 2021,5,BatchId:4412767;OriginalHitTemplateId:928390912;,3600,259200,Sun Apr 25 21:52:33 PDT 2021,,,3NXNZ5RS1AXBQWHNKPTN5MOO9EA97S,A3FHW88B3A9O0W,Submitted,Sun Apr 18 23:35:53 PDT 2021,Sun Apr 18 23:58:42 PDT 2021,Wed Apr 21 23:58:42 PDT 2021,,,,1369,0% (0/0),0% (0/0),0% (0/0),I am nervous about making new friends and having a good social life.,I am being stressed by my roommates being loud and not paying attention to roommate agreement.,Do not worry about that and talk to them first very frank and sincerly. Identify each one's approach how they behave return and decide whether to make friends or not. Also same way to use in social life with others. Think positively and do not panic.,Do not need to stressed and try to understand each other because they are coming from different place with different culture. Habits are different in growing life and it may be their nature in talking loud.  So easy in staying with these type of roommates.,,
31YWE12TE0CZ581RX3UZW5EOYEC7XS,38DURKLYVFZWPU5MIZTRISY185SJW0,Provide advice about university student stressors,"Given two descriptions of common problems faced by university students, provide advice and encouragement.","advice, encouragement, survey",$0.06 ,Sun Apr 18 21:52:33 PDT 2021,5,BatchId:4412767;OriginalHitTemplateId:928390912;,3600,259200,Sun Apr 25 21:52:33 PDT 2021,,,3PM8NZGV8YGBXA40J487LGR1L7QXQU,AY6AVORZT6ILW,Submitted,Sun Apr 18 21:58:35 PDT 2021,Sun Apr 18 22:08:07 PDT 2021,Wed Apr 21 22:08:07 PDT 2021,,,,572,0% (0/0),0% (0/0),0% (0/0),I am nervous about making new friends and having a good social life.,I am being stressed by my roommates being loud and not paying attention to roommate agreement.,make eye contact with a stranger. smile at someone you don't know. introduce yourself to someone new. ask someone you just met,"You need to be able to talk to your roommates. If they are harassing or physically threatening you, then call the police on that as you would a similar situation if they weren't roommates",,
35O6H0UNLSGJNKIJS6017CSDWA2J51,38DURKLYVFZWPU5MIZTRISY185SJW0,Provide advice about university student stressors,"Given two descriptions of common problems faced by university students, provide advice and encouragement.","advice, encouragement, survey",$0.06 ,Sun Apr 18 21:52:33 PDT 2021,5,BatchId:4412767;OriginalHitTemplateId:928390912;,3600,259200,Sun Apr 25 21:52:33 PDT 2021,,,36TFCYNS44AYKH5X0ELDC2Z0UKXXH1,AQSPGALQ4TOEC,Submitted,Sun Apr 18 23:51:31 PDT 2021,Mon Apr 19 00:06:48 PDT 2021,Thu Apr 22 00:06:48 PDT 2021,,,,917,0% (0/0),0% (0/0),0% (0/0),I am being stressed by my roommates being loud and not paying attention to roommate agreement.,I am concerned about COVID-19 uncertainty and my health.,If you feel that you cannot continue with your present roommates who are loud than try to change the room. But still if you face the same problem than you have to discuss amicably your problem with your roommates. But you have to understand that they also have their own problems so give them space and try to be friendly with them and share your feelings with them.,"Every one concerned about COVID-19. So we have to follow the norms which is given by WHO. Maintain social distance, using sanitizer , wearing mask . Intake lots of Vit-C and Vit-B. Eat lot of fruits which give us Vit-C and Vit-B. Expose ourself to sunlight for few minutes. Take ample rest and be stressless life.",,
35O6H0UNLSGJNKIJS6017CSDWA2J51,38DURKLYVFZWPU5MIZTRISY185SJW0,Provide advice about university student stressors,"Given two descriptions of common problems faced by university students, provide advice and encouragement.","advice, encouragement, survey",$0.06 ,Sun Apr 18 21:52:33 PDT 2021,5,BatchId:4412767;OriginalHitTemplateId:928390912;,3600,259200,Sun Apr 25 21:52:33 PDT 2021,,,3BGYGHDBBXKT4BZIT4XDZ8Z2SSC22B,A2RHN22KBCDQJZ,Submitted,Sun Apr 18 22:08:07 PDT 2021,Sun Apr 18 22:08:52 PDT 2021,Wed Apr 21 22:08:52 PDT 2021,,,,45,0% (0/0),0% (0/0),0% (0/0),I am being stressed by my roommates being loud and not paying attention to roommate agreement.,I am concerned about COVID-19 uncertainty and my health.,"be patient with them, they are nice people","the covid will pass, and you'll be fine, let's get the vaccine",,
35O6H0UNLSGJNKIJS6017CSDWA2J51,38DURKLYVFZWPU5MIZTRISY185SJW0,Provide advice about university student stressors,"Given two descriptions of common problems faced by university students, provide advice and encouragement.","advice, encouragement, survey",$0.06 ,Sun Apr 18 21:52:33 PDT 2021,5,BatchId:4412767;OriginalHitTemplateId:928390912;,3600,259200,Sun Apr 25 21:52:33 PDT 2021,,,3FDJT1UU748GKOMV0T5FXBO8T2SK5J,A3FHW88B3A9O0W,Submitted,Mon Apr 19 00:19:32 PDT 2021,Mon Apr 19 00:46:33 PDT 2021,Thu Apr 22 00:46:33 PDT 2021,,,,1621,0% (0/0),0% (0/0),0% (0/0),I am being stressed by my roommates being loud and not paying attention to roommate agreement.,I am concerned about COVID-19 uncertainty and my health.,First you try to understand that the roommates are different people from different culture. Try to minkle with those friends by cooperating their habit.  Some are talking much and some are talking loudly.  But some people are quite silent so any disturbance comes try to join some other activities.,"Do not panic in this situation of COVID-19.  Because it is a fact that affecting our life to go ahead.  It will be with us for while and we need to take step to be far by distancing, Washing hands and using face mask.  You remember that, always it is with you by traveling, sitting, sleeping, touching. So you decide where to keep him from you, if you not abide the instruction of Health it will attack you even you completed the vaccination, remember always.",,
35O6H0UNLSGJNKIJS6017CSDWA2J51,38DURKLYVFZWPU5MIZTRISY185SJW0,Provide advice about university student stressors,"Given two descriptions of common problems faced by university students, provide advice and encouragement.","advice, encouragement, survey",$0.06 ,Sun Apr 18 21:52:33 PDT 2021,5,BatchId:4412767;OriginalHitTemplateId:928390912;,3600,259200,Sun Apr 25 21:52:33 PDT 2021,,,3N4BPTXIO8SX53CA1UDN5NGOSJOUKE,A6X9Z8ASO7ZZ6,Submitted,Mon Apr 19 02:10:26 PDT 2021,Mon Apr 19 02:32:00 PDT 2021,Thu Apr 22 02:32:00 PDT 2021,,,,1294,0% (0/0),0% (0/0),0% (0/0),I am being stressed by my roommates being loud and not paying attention to roommate agreement.,I am concerned about COVID-19 uncertainty and my health.,"I understand, not everyone enjoys being around loud roommates and those that do no obey the roommate agreement. I would suggest talking to them if you haven't already or if that hasn't worked perhaps you can report them to your Hall's warden or sub-warden via call, in person or email, they should be able to deal with such situations. It is also useful if you have some evidence of your roommates not paying attention to roommate agreement such as, pictures, videos, camera recordings as this may be required for proof.","A lot of people are concerned about the COVID-19 and are uncertain particularly over the vaccination. If you are worried about your health and the COVID-19 uncertainty, I would suggest seeking medical advice from your local surgery. You can even check this website https://www.gov.uk/coronavirus which will clarify any COVID-19 uncertainties and help you protect your health.",,
35O6H0UNLSGJNKIJS6017CSDWA2J51,38DURKLYVFZWPU5MIZTRISY185SJW0,Provide advice about university student stressors,"Given two descriptions of common problems faced by university students, provide advice and encouragement.","advice, encouragement, survey",$0.06 ,Sun Apr 18 21:52:33 PDT 2021,5,BatchId:4412767;OriginalHitTemplateId:928390912;,3600,259200,Sun Apr 25 21:52:33 PDT 2021,,,3RJSC4XJ10UE7YFRW0VXER9ZF4O500,A3BV0IXS9AR8TV,Submitted,Mon Apr 19 00:53:48 PDT 2021,Mon Apr 19 00:58:35 PDT 2021,Thu Apr 22 00:58:35 PDT 2021,,,,287,0% (0/0),0% (0/0),0% (0/0),I am being stressed by my roommates being loud and not paying attention to roommate agreement.,I am concerned about COVID-19 uncertainty and my health.,"It's okay to admit a problem. Try to talk to them about your problem and see if they understand your point of view. If they keep doing that behaviours than you can try to retalk to them, or you can escalate the fact to your landlord or try to behave like them seeing if they understand what the problem is.","It's normal to feel this way in this period. Try to take all the precautions to keep yourself safe, use masks, wash your hands frequently, keep a distance of 2 meters and avoid going out when it's not necessary. But remember to keep your mental health also in consideration by talking to your dear ones frequently and also by taking care of yourself and having a routine.",,
3Y3N5A7N4G97QGYO65IQY1INV9FYME,3MCSZWKJ0Y7R0YAC1SAHGY32QMZ61I,Provide advice about university student stressors,"Given two descriptions of common problems faced by university students, provide advice and encouragement.","advice, encouragement, survey",$0.06 ,Mon Apr 19 08:53:13 PDT 2021,5,BatchId:4413374;OriginalHitTemplateId:928390912;,3600,259200,Mon Apr 26 08:53:13 PDT 2021,,,386CSBG1OZMYEVK4IHZHL3EHO3K6Q2,A12UVTYGWSV0G,Approved,Mon Apr 19 09:03:44 PDT 2021,Mon Apr 19 09:05:29 PDT 2021,Thu Apr 22 09:05:29 PDT 2021,Thu Apr 22 06:26:37 PDT 2021,,,105,100% (7/7),100% (7/7),100% (7/7),I am worried about not finding a job or internship for next summer.,I am worried about balancing my social and work life.,"So long as you're willing to put in the work. It's true: You're a bit behind the game, as deadlines for applications at many companies with formal internship programs have already passed. Now for the good news: There are still internship opportunities up for grabs.","Work-life balance can be hard if you believe that the only way to do something well is to do it yourself. This means you can never delegate, and as such you are not scalable. Your ego gets in the way of you being free, and it gets in the way of the growth of everyone who works for you.",,
3Y3N5A7N4G97QGYO65IQY1INV9FYME,3MCSZWKJ0Y7R0YAC1SAHGY32QMZ61I,Provide advice about university student stressors,"Given two descriptions of common problems faced by university students, provide advice and encouragement.","advice, encouragement, survey",$0.06 ,Mon Apr 19 08:53:13 PDT 2021,5,BatchId:4413374;OriginalHitTemplateId:928390912;,3600,259200,Mon Apr 26 08:53:13 PDT 2021,,,3URFVVM165ISUYBW1VGXS241WWYUZ5,A13CAAOJ5GP4UQ,Approved,Tue Apr 20 12:57:32 PDT 2021,Tue Apr 20 13:00:02 PDT 2021,Fri Apr 23 13:00:02 PDT 2021,Thu Apr 22 06:26:37 PDT 2021,,,150,100% (4/4),100% (4/4),100% (4/4),I am worried about not finding a job or internship for next summer.,I am worried about balancing my social and work life.,"Finding a job is hard, but next summer is a bit a way. I am proud of you for planning ahead! Build your resume, network, get your LinkedIn profile set, and practice interviewing. The career center is also a great option. I know you've got this!",Balancing social and work life takes practice. Schedule both of your events in your phone so you can devote time to both. Create daily check ins to reflect on progress towards your goal to edit things as needed. I believe in you!,,
3Q9SPIIRWJM2ZAUZU1AX4D27QKQWAT,3MCSZWKJ0Y7R0YAC1SAHGY32QMZ61I,Provide advice about university student stressors,"Given two descriptions of common problems faced by university students, provide advice and encouragement.","advice, encouragement, survey",$0.06 ,Mon Apr 19 08:53:13 PDT 2021,5,BatchId:4413374;OriginalHitTemplateId:928390912;,3600,259200,Mon Apr 26 08:53:13 PDT 2021,,,3IGI0VL647K304DG2LTUY9534YNNOT,A1HAN66DJ585FF,Approved,Wed Apr 21 10:15:27 PDT 2021,Wed Apr 21 10:17:42 PDT 2021,Sat Apr 24 10:17:42 PDT 2021,Thu Apr 22 06:26:36 PDT 2021,,,135,100% (1/1),100% (1/1),100% (1/1),I am concerned about exams and schoolwork. I am not doing well in school and I am worried about my grades.,I am worried about being able to pay for rent and having enough money to buy food.,It will be okay. Just make sure to set aside time each day to study and work on homework. Making sure to commit to school each day will ensure that you don't fall behind. Also look into the schools academic resource center if they have one.,That is a bummer. Let's look at some resources together to see if you can get some help. I've been through this and will provide any assistance I can.,,
3Q9SPIIRWJM2ZAUZU1AX4D27QKQWAT,3MCSZWKJ0Y7R0YAC1SAHGY32QMZ61I,Provide advice about university student stressors,"Given two descriptions of common problems faced by university students, provide advice and encouragement.","advice, encouragement, survey",$0.06 ,Mon Apr 19 08:53:13 PDT 2021,5,BatchId:4413374;OriginalHitTemplateId:928390912;,3600,259200,Mon Apr 26 08:53:13 PDT 2021,,,3WR9XG3T63BATQBB3UXWOED8NMM74K,A12UVTYGWSV0G,Approved,Mon Apr 19 09:05:41 PDT 2021,Mon Apr 19 09:07:23 PDT 2021,Thu Apr 22 09:07:23 PDT 2021,Thu Apr 22 06:26:36 PDT 2021,,,102,100% (7/7),100% (7/7),100% (7/7),I am concerned about exams and schoolwork. I am not doing well in school and I am worried about my grades.,I am worried about being able to pay for rent and having enough money to buy food.,"Sometimes the cause of a dip in performance is reasonably obvious: your teen might have started a new school (especially if they have moved up to high school), has problems with friends, is getting inadequate sleep, spends too much time participating in afterschool activities, has a busy social life, or is preoccupied","Say Goodbye to Money Anxiety. But taking a few basic steps, such as setting a budget, building an emergency fund and monitoring your credit score, can help reset your attitude about money. By taking charge of your finances, you can shake off the money stress and start down the path toward achieving your financial goals.",,
3D06DR5225J6UY0LQZ4AVF0GSIDAMH,3MCSZWKJ0Y7R0YAC1SAHGY32QMZ61I,Provide advice about university student stressors,"Given two descriptions of common problems faced by university students, provide advice and encouragement.","advice, encouragement, survey",$0.06 ,Mon Apr 19 08:53:13 PDT 2021,5,BatchId:4413374;OriginalHitTemplateId:928390912;,3600,259200,Mon Apr 26 08:53:13 PDT 2021,,,373ERPL3YO84SUAGR9WA13G04Z1TR9,AB2JXV5YUJ1Y7,Approved,Tue Apr 20 04:32:56 PDT 2021,Tue Apr 20 04:35:37 PDT 2021,Fri Apr 23 04:35:37 PDT 2021,Thu Apr 22 06:26:36 PDT 2021,,,161,100% (1/1),100% (1/1),100% (1/1),I am worried about being able to pay for rent and having enough money to buy food.,I am worried about not finding a job or internship for next summer.,If you need help just me know what I can do to help.,"Check out resources online, there are a ton of places hiring if you look hard enough! If you need help let me know.",,
3D06DR5225J6UY0LQZ4AVF0GSIDAMH,3MCSZWKJ0Y7R0YAC1SAHGY32QMZ61I,Provide advice about university student stressors,"Given two descriptions of common problems faced by university students, provide advice and encouragement.","advice, encouragement, survey",$0.06 ,Mon Apr 19 08:53:13 PDT 2021,5,BatchId:4413374;OriginalHitTemplateId:928390912;,3600,259200,Mon Apr 26 08:53:13 PDT 2021,,,3K5TEWLKGVB6CNBM6H2GOT3UEMUIV2,A12UVTYGWSV0G,Approved,Mon Apr 19 09:07:29 PDT 2021,Mon Apr 19 09:08:49 PDT 2021,Thu Apr 22 09:08:49 PDT 2021,Thu Apr 22 06:26:36 PDT 2021,,,80,100% (7/7),100% (7/7),100% (7/7),I am worried about being able to pay for rent and having enough money to buy food.,I am worried about not finding a job or internship for next summer.,"Say Goodbye to Money Anxiety. But taking a few basic steps, such as setting a budget, building an emergency fund and monitoring your credit score, can help reset your attitude about money. By taking charge of your finances, you can shake off the money stress and start down the path toward achieving your financial goals.","It's not too late—so long as you're willing to put in the work. It's true: You're a bit behind the game, as deadlines for applications at many companies with formal internship programs have already passed. Now for the good news: There are still internship opportunities up for grabs.",,
3CKVGCS3PG5DRGF8IU33IIN9BLJ0SS,3MCSZWKJ0Y7R0YAC1SAHGY32QMZ61I,Provide advice about university student stressors,"Given two descriptions of common problems faced by university students, provide advice and encouragement.","advice, encouragement, survey",$0.06 ,Mon Apr 19 08:53:13 PDT 2021,5,BatchId:4413374;OriginalHitTemplateId:928390912;,3600,259200,Mon Apr 26 08:53:13 PDT 2021,,,3L4D84MILZSXPX08JA6CLTRLJOBJHW,AE1A69PS9RKC4,Approved,Tue Apr 20 03:55:03 PDT 2021,Tue Apr 20 03:56:36 PDT 2021,Fri Apr 23 03:56:36 PDT 2021,Thu Apr 22 06:26:36 PDT 2021,,,93,100% (2/2),100% (2/2),100% (2/2),I am concerned about COVID-19 uncertainty and my health.,I am stressed about my childcare responsibilities.,"The first of these symptoms might be the loss of smell and taste, while some people also may later battle headaches, debilitating fatigue, and trouble thinking clearly, sometimes referred to as “brain fog.”","Headaches, dizziness or shaking.",,
3N5YJ55YXG3CCGLL20JA8UPGX8NANH,3MCSZWKJ0Y7R0YAC1SAHGY32QMZ61I,Provide advice about university student stressors,"Given two descriptions of common problems faced by university students, provide advice and encouragement.","advice, encouragement, survey",$0.06 ,Mon Apr 19 08:53:13 PDT 2021,5,BatchId:4413374;OriginalHitTemplateId:928390912;,3600,259200,Mon Apr 26 08:53:13 PDT 2021,,,3FE7TXL1LINAWU13VFNEVQX58YI2QH,A12UVTYGWSV0G,Approved,Mon Apr 19 09:00:27 PDT 2021,Mon Apr 19 09:02:13 PDT 2021,Thu Apr 22 09:02:13 PDT 2021,Thu Apr 22 06:26:36 PDT 2021,,,106,100% (7/7),100% (7/7),100% (7/7),My friends and family think that the COVID-19 vaccine will be detrimental to my health so I am not sure whether or not I should take the vaccine.,I am concerned about exams and schoolwork. I am not doing well in school and I am worried about my grades.,"None of the vaccines are 100 percent effective at preventing infections. So even if people don't get very sick with COVID-19, they may still contract an infection and can potentially transmit the virus to others.","If you find yourself preparing for school by hoping for the best and imagining the worst, you're not alone. Here's what we heard from 600 people who took our survey on back-to-school worries.One third said they worry most about schoolwork. No surprise there. You'll be studying more advanced material, so it's natural to worry about whether you'll do OK.",,
3N5YJ55YXG3CCGLL20JA8UPGX8NANH,3MCSZWKJ0Y7R0YAC1SAHGY32QMZ61I,Provide advice about university student stressors,"Given two descriptions of common problems faced by university students, provide advice and encouragement.","advice, encouragement, survey",$0.06 ,Mon Apr 19 08:53:13 PDT 2021,5,BatchId:4413374;OriginalHitTemplateId:928390912;,3600,259200,Mon Apr 26 08:53:13 PDT 2021,,,3XM0HYN6NKZHRYC4OM3QXMGK05LEP3,AMQGOTPBRWYSF,Approved,Mon Apr 19 08:54:32 PDT 2021,Mon Apr 19 08:59:07 PDT 2021,Thu Apr 22 08:59:07 PDT 2021,Thu Apr 22 06:26:36 PDT 2021,,,275,100% (1/1),100% (1/1),100% (1/1),My friends and family think that the COVID-19 vaccine will be detrimental to my health so I am not sure whether or not I should take the vaccine.,I am concerned about exams and schoolwork. I am not doing well in school and I am worried about my grades.,My friends and family think that the COVID-19 vaccine will be benefitian to my health so I am 100% sure I should take the vaccine. So i eventually scheduled an appointment and got it. I feel safer now and i feel better.,I am for sure concerned about exams and schoolwork. I am doing my best in school and I am not worried about my grades. I consult with the teachers on what to work on and improve on. I maintain my focus taking on their advice.,,
37MQ8Z1JQEWHJCUVWNZ6JS4PP4Z2YS,3MCSZWKJ0Y7R0YAC1SAHGY32QMZ61I,Provide advice about university student stressors,"Given two descriptions of common problems faced by university students, provide advice and encouragement.","advice, encouragement, survey",$0.06 ,Mon Apr 19 08:53:13 PDT 2021,5,BatchId:4413374;OriginalHitTemplateId:928390912;,3600,259200,Mon Apr 26 08:53:13 PDT 2021,,,38F5OAUN5NC452Z6I1HFI3MCSR87H6,A12UVTYGWSV0G,Approved,Mon Apr 19 08:58:24 PDT 2021,Mon Apr 19 08:59:52 PDT 2021,Thu Apr 22 08:59:52 PDT 2021,Thu Apr 22 06:26:35 PDT 2021,,,88,100% (7/7),100% (7/7),100% (7/7),I am stressed about my childcare responsibilities.,My friends and family think that the COVID-19 vaccine will be detrimental to my health so I am not sure whether or not I should take the vaccine.,"So stress can affect anyone who feels overwhelmed — even kids. In preschoolers, separation from parents can cause anxiety. As kids get older, academic and social pressures (especially from trying to fit in) create stress. Many kids are too busy to have time to play creatively or relax after school.","None of the vaccines are 100 percent effective at preventing infections. So even if people don't get very sick with COVID-19, they may still contract an infection and can potentially transmit the virus to others",,
37MQ8Z1JQEWHJCUVWNZ6JS4PP4Z2YS,3MCSZWKJ0Y7R0YAC1SAHGY32QMZ61I,Provide advice about university student stressors,"Given two descriptions of common problems faced by university students, provide advice and encouragement.","advice, encouragement, survey",$0.06 ,Mon Apr 19 08:53:13 PDT 2021,5,BatchId:4413374;OriginalHitTemplateId:928390912;,3600,259200,Mon Apr 26 08:53:13 PDT 2021,,,3MMN5BL1WZ48WXZU7MU2XRIS4FX3MQ,A13CAAOJ5GP4UQ,Approved,Tue Apr 20 13:00:06 PDT 2021,Tue Apr 20 13:02:10 PDT 2021,Fri Apr 23 13:02:10 PDT 2021,Thu Apr 22 06:26:35 PDT 2021,,,124,100% (4/4),100% (4/4),100% (4/4),I am stressed about my childcare responsibilities.,My friends and family think that the COVID-19 vaccine will be detrimental to my health so I am not sure whether or not I should take the vaccine.,Childcare is stressful. There are resources at the university that can help such as childcare reimbursement. There are also case managers that can provide more resources if needed. You've got this!,I completely understand that pressure from family and friends can be hard. Do your own research and talk to your doctor about if the vaccine is right for you. It is your body and your decision. You've got this!,,
37MQ8Z1JQEWHJCUVWNZ6JS4PP4Z2YS,3MCSZWKJ0Y7R0YAC1SAHGY32QMZ61I,Provide advice about university student stressors,"Given two descriptions of common problems faced by university students, provide advice and encouragement.","advice, encouragement, survey",$0.06 ,Mon Apr 19 08:53:13 PDT 2021,5,BatchId:4413374;OriginalHitTemplateId:928390912;,3600,259200,Mon Apr 26 08:53:13 PDT 2021,,,3TY7ZAOG5FKHPH0U3NZ3GGSHC38K07,ATRJ3T353COZ1,Approved,Thu Apr 22 13:44:32 PDT 2021,Thu Apr 22 13:58:53 PDT 2021,Sun Apr 25 13:58:53 PDT 2021,Sat Apr 24 19:02:02 PDT 2021,,,861,100% (3/3),100% (3/3),100% (3/3),I am stressed about my childcare responsibilities.,My friends and family think that the COVID-19 vaccine will be detrimental to my health so I am not sure whether or not I should take the vaccine.,Finding a good child care facility for your child is always a tasking responsibility because you put a lot into consideration. Check the facility reviews online and you consider the proximity to your work place and schedule. I belief very soon you will get it over with . First times are really crazy I know but you got this!,"Apparently I have been hearing a lot of people  talk about getting their second doses after having their first dose. I feel if the vaccine is detrimental as some people label it to be, it would have recorded low interest and counts of people that have taken it already but more people are register. I believe body system differs and the way our bodies react to treatment differs to. Just give it a good thought and see if it is something your body can handle at the moment.",,
3QGHA0EA0J07IKZR0FATZOMD82BWBO,3MCSZWKJ0Y7R0YAC1SAHGY32QMZ61I,Provide advice about university student stressors,"Given two descriptions of common problems faced by university students, provide advice and encouragement.","advice, encouragement, survey",$0.06 ,Mon Apr 19 08:53:14 PDT 2021,5,BatchId:4413374;OriginalHitTemplateId:928390912;,3600,259200,Mon Apr 26 08:53:14 PDT 2021,,,3570Y55XZPJ9KQ0WL4PXAGU8HQ3YGY,A12UVTYGWSV0G,Approved,Mon Apr 19 09:09:02 PDT 2021,Mon Apr 19 09:10:20 PDT 2021,Thu Apr 22 09:10:20 PDT 2021,Thu Apr 22 06:26:36 PDT 2021,,,78,100% (7/7),100% (7/7),100% (7/7),I am concerned about my mental health. I am having trouble finding time for self care.,I am nervous about making new friends and having a good social life.,"It’s Ok To Talk is not in the business of providing counselling services and does not own, operate or control the helpline numbers or apps listed on this website. The helpline numbers and apps are listed for referral purposes only, and It’s Ok To Talk does not make any recommendations or guarantees regarding the quality of response and medical advice you might receive from any of the helplines or apps. It’s Ok To Talk does not endorse these helplines or apps and makes no representations, warranties or guarantees as to, and assumes no responsibility for, the services provided by these entities. It’s Ok To Talk disclaims all liability for damages of any kind arising out of calls made to these helpline numbers or apps.",make eye contact with a stranger. smile at someone you don't know. introduce yourself to someone new. ask someone you just met a question.,,
3QGHA0EA0J07IKZR0FATZOMD82BWBO,3MCSZWKJ0Y7R0YAC1SAHGY32QMZ61I,Provide advice about university student stressors,"Given two descriptions of common problems faced by university students, provide advice and encouragement.","advice, encouragement, survey",$0.06 ,Mon Apr 19 08:53:14 PDT 2021,5,BatchId:4413374;OriginalHitTemplateId:928390912;,3600,259200,Mon Apr 26 08:53:14 PDT 2021,,,3FFJ6VRIL1OQJMA63KER30D4KT10II,A1DMD1AC2SCHV1,Approved,Tue Apr 20 08:37:00 PDT 2021,Tue Apr 20 08:39:57 PDT 2021,Fri Apr 23 08:39:57 PDT 2021,Thu Apr 22 06:26:37 PDT 2021,,,177,100% (2/2),100% (2/2),100% (2/2),I am concerned about my mental health. I am having trouble finding time for self care.,I am nervous about making new friends and having a good social life.,You should take a few minutes out of every day to focus on you. Put a reminder on your phone to just get away from all the distractions. Maybe do a face mask or a bath bomb and soak.,"Just be yourself, those that gravitate towards you will be the ones who become friends. And don't worry about a social life. It will happen, don't force it.",,
3QGHA0EA0J07IKZR0FATZOMD82BWBO,3MCSZWKJ0Y7R0YAC1SAHGY32QMZ61I,Provide advice about university student stressors,"Given two descriptions of common problems faced by university students, provide advice and encouragement.","advice, encouragement, survey",$0.06 ,Mon Apr 19 08:53:14 PDT 2021,5,BatchId:4413374;OriginalHitTemplateId:928390912;,3600,259200,Mon Apr 26 08:53:14 PDT 2021,,,3OONKJ5DKCJ1ZVOJZVOL7E59NEVOB1,A3I4J5X509FJNF,Approved,Fri Apr 23 06:20:58 PDT 2021,Fri Apr 23 06:29:01 PDT 2021,Mon Apr 26 06:29:01 PDT 2021,Sat Apr 24 19:02:03 PDT 2021,,,483,100% (1/1),100% (1/1),100% (1/1),I am concerned about my mental health. I am having trouble finding time for self care.,I am nervous about making new friends and having a good social life.,Seek the help you need sooner than later.  There are many places for mental health that will assist you with getting back to a normal calm level.  Always make the time try to take something out of your daily routine to have that extra time because your health comes first.,"So are they, there are many nervous people like me when it comes to meeting someone for the first time.  When you get to the point of being more comfortable after just a few hangouts you'll know it was completely worth it.  Just keep it short and simple just ask them to meet for a quick coffee and talk about regular normal daily activities.",,
3QGHA0EA0J07IKZR0FATZOMD82BWBO,3MCSZWKJ0Y7R0YAC1SAHGY32QMZ61I,Provide advice about university student stressors,"Given two descriptions of common problems faced by university students, provide advice and encouragement.","advice, encouragement, survey",$0.06 ,Mon Apr 19 08:53:14 PDT 2021,5,BatchId:4413374;OriginalHitTemplateId:928390912;,3600,259200,Mon Apr 26 08:53:14 PDT 2021,,,3OS4RQUCR9F7TIBQ0S5VKKWVV53BFL,A13CAAOJ5GP4UQ,Approved,Tue Apr 20 08:02:04 PDT 2021,Tue Apr 20 08:04:14 PDT 2021,Fri Apr 23 08:04:14 PDT 2021,Thu Apr 22 06:26:37 PDT 2021,,,130,100% (4/4),100% (4/4),100% (4/4),I am concerned about my mental health. I am having trouble finding time for self care.,I am nervous about making new friends and having a good social life.,Things are rough these days. Look for mental health apps and if needed search for mental health professionals. You can also check your university for free or cheap counseling and support groups. You got this!,I completely understand that. It is hard to make friends. Look for various social groups and apps. Check for clubs and groups at your university. You got this!,,
3SU800BH86SHUMCBOXSICPWF9M1QUV,3MCSZWKJ0Y7R0YAC1SAHGY32QMZ61I,Provide advice about university student stressors,"Given two descriptions of common problems faced by university students, provide advice and encouragement.","advice, encouragement, survey",$0.06 ,Mon Apr 19 08:53:14 PDT 2021,5,BatchId:4413374;OriginalHitTemplateId:928390912;,3600,259200,Mon Apr 26 08:53:14 PDT 2021,,,3AUQQEL7U5TV5SU62RDAIP3YSSD0VP,A12UVTYGWSV0G,Approved,Mon Apr 19 09:02:20 PDT 2021,Mon Apr 19 09:03:38 PDT 2021,Thu Apr 22 09:03:38 PDT 2021,Thu Apr 22 06:26:37 PDT 2021,,,78,100% (7/7),100% (7/7),100% (7/7),I am nervous about making new friends and having a good social life.,I am being stressed by my roommates being loud and not paying attention to roommate agreement.,Make eye contact with a stranger. smile at someone you don't know. introduce yourself to someone new. ask someone you just met a question.,"You need to be able to talk to your roommates. If they are harassing or physically threatening you, then call the police on that as you would a similar situation if they weren't roommates.",,
3SU800BH86SHUMCBOXSICPWF9M1QUV,3MCSZWKJ0Y7R0YAC1SAHGY32QMZ61I,Provide advice about university student stressors,"Given two descriptions of common problems faced by university students, provide advice and encouragement.","advice, encouragement, survey",$0.06 ,Mon Apr 19 08:53:14 PDT 2021,5,BatchId:4413374;OriginalHitTemplateId:928390912;,3600,259200,Mon Apr 26 08:53:14 PDT 2021,,,3GA6AFUKOOOM4JYJGPEP5MAWNZ0H39,ATRJ3T353COZ1,Approved,Thu Apr 22 15:55:01 PDT 2021,Thu Apr 22 16:05:37 PDT 2021,Sun Apr 25 16:05:37 PDT 2021,Sat Apr 24 19:02:03 PDT 2021,,,636,100% (3/3),100% (3/3),100% (3/3),I am nervous about making new friends and having a good social life.,I am being stressed by my roommates being loud and not paying attention to roommate agreement.,"I know right, it is ok to be nervous but you have to go out your comfort zone and explore and make new friends. You have to live your life and be careful with your choice of friends. Keep friends that will help you grow and not affect you negatively.",I definitely  can relate to that feeling and it can be very annoying and unbearable. You can have a conversation about that with your roommate and make him/her realize that it is not favorable for you and that it is against the agreement you had before moving in with you. I'm sure it will resolve the issue.,,
3SX4X51T809UU1LX3FJNNJPLNISAOW,3MCSZWKJ0Y7R0YAC1SAHGY32QMZ61I,Provide advice about university student stressors,"Given two descriptions of common problems faced by university students, provide advice and encouragement.","advice, encouragement, survey",$0.06 ,Mon Apr 19 08:53:14 PDT 2021,5,BatchId:4413374;OriginalHitTemplateId:928390912;,3600,259200,Mon Apr 26 08:53:14 PDT 2021,,,37U1UTWH9VMLUAISOBLFA7KDQS8R8M,A1DMD1AC2SCHV1,Approved,Thu Apr 22 06:44:48 PDT 2021,Thu Apr 22 06:58:18 PDT 2021,Sun Apr 25 06:58:18 PDT 2021,Sat Apr 24 19:02:03 PDT 2021,,,810,100% (2/2),100% (2/2),100% (2/2),I am being stressed by my roommates being loud and not paying attention to roommate agreement.,I am concerned about COVID-19 uncertainty and my health.,"I recommend telling your roommates that they are being a little too loud. If they don't respect what you say, remind them of the roommate agreement. If they still don't respect what you are saying, you need to find different roommates.","I would go to the doctor and express your concerns. If you have not had covid, I wouldn't be too worried about it. Just make sure you wear a mask and wash your hands often.",,
3SX4X51T809UU1LX3FJNNJPLNISAOW,3MCSZWKJ0Y7R0YAC1SAHGY32QMZ61I,Provide advice about university student stressors,"Given two descriptions of common problems faced by university students, provide advice and encouragement.","advice, encouragement, survey",$0.06 ,Mon Apr 19 08:53:14 PDT 2021,5,BatchId:4413374;OriginalHitTemplateId:928390912;,3600,259200,Mon Apr 26 08:53:14 PDT 2021,,,3B837J3LDOW3DUX129RKRYKE2IUSRU,A13CAAOJ5GP4UQ,Approved,Tue Apr 20 12:54:54 PDT 2021,Tue Apr 20 12:57:27 PDT 2021,Fri Apr 23 12:57:27 PDT 2021,Thu Apr 22 06:26:37 PDT 2021,,,153,100% (4/4),100% (4/4),100% (4/4),I am being stressed by my roommates being loud and not paying attention to roommate agreement.,I am concerned about COVID-19 uncertainty and my health.,I am so sorry you feel that way. Try talking to them and consult counseling or legal services at the university. You can try talking to the office where your lease is about seeing if they can help. You got this!,"I completely understand that. There are telehealth resources and COVID-19 at home tests that can help make sure you do not have it. Also, make sure you wear your mask, practice social distancing, and only go out when you have to. I believe in you!",,
3SX4X51T809UU1LX3FJNNJPLNISAOW,3MCSZWKJ0Y7R0YAC1SAHGY32QMZ61I,Provide advice about university student stressors,"Given two descriptions of common problems faced by university students, provide advice and encouragement.","advice, encouragement, survey",$0.06 ,Mon Apr 19 08:53:14 PDT 2021,5,BatchId:4413374;OriginalHitTemplateId:928390912;,3600,259200,Mon Apr 26 08:53:14 PDT 2021,,,3HMVI3QICJSCGBAT3L4U3TQ2FAOY1K,ATRJ3T353COZ1,Approved,Thu Apr 22 13:59:02 PDT 2021,Thu Apr 22 14:08:06 PDT 2021,Sun Apr 25 14:08:06 PDT 2021,Sat Apr 24 19:02:03 PDT 2021,,,544,100% (3/3),100% (3/3),100% (3/3),I am being stressed by my roommates being loud and not paying attention to roommate agreement.,I am concerned about COVID-19 uncertainty and my health.,I can relate to the way you are feeling but you need to draw your roommates's attention to the fact he or she is being loud and it does not comply to the agreement you had . Do not be overwhelmed with the situation just have the conversation and make sure you reach an understanding.,"I am as concerned as you are too but we should continue to practice the healthy safety procedures. Irrespective of the fact that many are taking the vaccine, we need to maintain healthy living and take care of our health",,
